County,ZIP Code
Adams,46711
Adams,46714
Adams,46733
Adams,46740
Adams,46772
Adams,46773
Adams,46777
Allen,46706
Allen,46723
Allen,46733
Allen,46741
Allen,46743
Allen,46745
Allen,46748
Allen,46765
Allen,46773
Allen,46774
Allen,46777
Allen,46783
Allen,46788
Allen,46797
Allen,46798
Allen,46802
Allen,46803
Allen,46804
Allen,46805
Allen,46806
Allen,46807
Allen,46808
Allen,46809
Allen,46814
Allen,46815
Allen,46816
Allen,46818
Allen,46819
Allen,46825
Allen,46835
Allen,46845
Bartholomew,46124
Bartholomew,47201
Bartholomew,47203
Bartholomew,47232
Bartholomew,47234
Bartholomew,47236
Bartholomew,47244
Bartholomew,47246
Bartholomew,47274
Bartholomew,47283
Bartholomew,47448
Benton,47917
Benton,47921
Benton,47942
Benton,47944
Benton,47948
Benton,47970
Benton,47971
Benton,47975
Benton,47977
Blackford,46952
Blackford,46989
Blackford,47336
Blackford,47338
Blackford,47348
Blackford,47359
Blackford,47369
Boone,46032
Boone,46035
Boone,46050
Boone,46052
Boone,46069
Boone,46071
Boone,46075
Boone,46077
Boone,46112
Boone,46147
Boone,46278
Brown,46160
Brown,46164
Brown,46181
Brown,47201
Brown,47235
Brown,47274
Brown,47401
Brown,47448
Brown,47468
Carroll,46041
Carroll,46065
Carroll,46913
Carroll,46917
Carroll,46920
Carroll,46923
Carroll,46929
Carroll,46947
Carroll,46979
Carroll,47920
Carroll,47923
Carroll,47926
Carroll,47950
Carroll,47960
Cass,46926
Cass,46932
Cass,46947
Cass,46950
Cass,46970
Cass,46978
Cass,46988
Cass,46994
Clark,47106
Clark,47111
Clark,47119
Clark,47126
Clark,47129
Clark,47130
Clark,47141
Clark,47143
Clark,47147
Clark,47150
Clark,47162
Clark,47163
Clark,47165
Clark,47172
Clark,47177
Clay,47427
Clay,47438
Clay,47833
Clay,47834
Clay,47837
Clay,47840
Clay,47841
Clay,47846
Clay,47858
Clay,47868
Clay,47874
Clinton,46035
Clinton,46039
Clinton,46041
Clinton,46049
Clinton,46050
Clinton,46057
Clinton,46058
Clinton,46065
Clinton,46069
Clinton,46979
Clinton,47930
Crawford,47116
Crawford,47118
Crawford,47123
Crawford,47137
Crawford,47140
Crawford,47145
Crawford,47174
Crawford,47175
Crawford,47513
Daviess,47501
Daviess,47519
Daviess,47529
Daviess,47553
Daviess,47558
Daviess,47562
Daviess,47568
Dearborn,47001
Dearborn,47012
Dearborn,47018
Dearborn,47022
Dearborn,47025
Dearborn,47031
Dearborn,47032
Dearborn,47041
Dearborn,47060
Decatur,46173
Decatur,47240
Decatur,47244
Decatur,47246
Decatur,47272
Decatur,47283
DeKalb,46705
DeKalb,46706
DeKalb,46710
DeKalb,46721
DeKalb,46730
DeKalb,46738
DeKalb,46742
DeKalb,46747
DeKalb,46748
DeKalb,46755
DeKalb,46763
DeKalb,46785
DeKalb,46788
DeKalb,46793
Delaware,46001
Delaware,46012
Delaware,46070
Delaware,47302
Delaware,47303
Delaware,47304
Delaware,47305
Delaware,47306
Delaware,47320
Delaware,47334
Delaware,47336
Delaware,47338
Delaware,47342
Delaware,47348
Delaware,47354
Delaware,47356
Delaware,47368
Delaware,47383
Delaware,47396
Dubois,47432
Dubois,47513
Dubois,47521
Dubois,47523
Dubois,47527
Dubois,47532
Dubois,47541
Dubois,47542
Dubois,47546
Dubois,47564
Dubois,47575
Dubois,47580
Dubois,47590
Elkhart,46507
Elkhart,46514
Elkhart,46516
Elkhart,46517
Elkhart,46526
Elkhart,46528
Elkhart,46530
Elkhart,46540
Elkhart,46542
Elkhart,46543
Elkhart,46550
Elkhart,46553
Elkhart,46561
Elkhart,46567
Elkhart,46573
Elkhart,46767
Fayette,46127
Fayette,46133
Fayette,47024
Fayette,47325
Fayette,47331
Fayette,47357
Floyd,47106
Floyd,47117
Floyd,47119
Floyd,47122
Floyd,47124
Floyd,47136
Floyd,47150
Floyd,47164
Floyd,47165
Floyd,47172
Fountain,47918
Fountain,47932
Fountain,47949
Fountain,47952
Fountain,47967
Fountain,47987
Fountain,47990
Franklin,46173
Franklin,47003
Franklin,47006
Franklin,47010
Franklin,47012
Franklin,47016
Franklin,47024
Franklin,47030
Franklin,47036
Franklin,47041
Franklin,47060
Franklin,47240
Franklin,47331
Franklin,47353
Fulton,46501
Fulton,46511
Fulton,46539
Fulton,46570
Fulton,46910
Fulton,46939
Fulton,46950
Fulton,46951
Fulton,46960
Fulton,46975
Fulton,46982
Gibson,47613
Gibson,47639
Gibson,47640
Gibson,47647
Gibson,47648
Gibson,47649
Gibson,47660
Gibson,47665
Gibson,47666
Gibson,47670
Gibson,47725
Grant,46036
Grant,46070
Grant,46919
Grant,46928
Grant,46933
Grant,46938
Grant,46940
Grant,46952
Grant,46953
Grant,46986
Grant,46989
Grant,46991
Greene,47424
Greene,47438
Greene,47441
Greene,47443
Greene,47449
Greene,47453
Greene,47459
Greene,47462
Greene,47465
Greene,47471
Hamilton,46030
Hamilton,46031
Hamilton,46032
Hamilton,46033
Hamilton,46034
Hamilton,46037
Hamilton,46038
Hamilton,46040
Hamilton,46055
Hamilton,46060
Hamilton,46062
Hamilton,46069
Hamilton,46074
Hamilton,46077
Hamilton,46236
Hamilton,46250
Hamilton,46256
Hamilton,46260
Hamilton,46280
Hamilton,46290
Hancock,46040
Hancock,46055
Hancock,46056
Hancock,46064
Hancock,46115
Hancock,46117
Hancock,46130
Hancock,46140
Hancock,46161
Hancock,46163
Hancock,46186
Hancock,46229
Hancock,47384
Harrison,47110
Harrison,47112
Harrison,47114
Harrison,47115
Harrison,47117
Harrison,47120
Harrison,47122
Harrison,47124
Harrison,47125
Harrison,47135
Harrison,47136
Harrison,47137
Harrison,47142
Harrison,47160
Harrison,47161
Harrison,47164
Harrison,47166
Hendricks,46077
Hendricks,46112
Hendricks,46113
Hendricks,46118
Hendricks,46121
Hendricks,46122
Hendricks,46123
Hendricks,46147
Hendricks,46149
Hendricks,46158
Hendricks,46165
Hendricks,46167
Hendricks,46168
Hendricks,46180
Hendricks,46231
Hendricks,46234
Hendricks,46278
Henry,46056
Henry,46117
Henry,46148
Henry,46186
Henry,47302
Henry,47327
Henry,47334
Henry,47346
Henry,47352
Henry,47354
Henry,47356
Henry,47360
Henry,47362
Henry,47384
Henry,47385
Henry,47386
Henry,47387
Howard,46076
Howard,46901
Howard,46902
Howard,46919
Howard,46929
Howard,46932
Howard,46936
Howard,46979
Huntington,46702
Huntington,46750
Huntington,46770
Huntington,46783
Huntington,46792
Huntington,46940
Huntington,46952
Huntington,46991
Jackson,47102
Jackson,47220
Jackson,47229
Jackson,47235
Jackson,47260
Jackson,47264
Jackson,47274
Jackson,47281
Jasper,46310
Jasper,46341
Jasper,46374
Jasper,46392
Jasper,47922
Jasper,47943
Jasper,47946
Jasper,47948
Jasper,47957
Jasper,47959
Jasper,47977
Jasper,47978
Jasper,47995
Jay,46740
Jay,47326
Jay,47336
Jay,47359
Jay,47369
Jay,47371
Jay,47373
Jay,47380
Jay,47381
Jay,47390
Jefferson,47043
Jefferson,47138
Jefferson,47147
Jefferson,47224
Jefferson,47227
Jefferson,47230
Jefferson,47231
Jefferson,47243
Jefferson,47250
Jefferson,47270
Jennings,47223
Jennings,47227
Jennings,47229
Jennings,47230
Jennings,47231
Jennings,47232
Jennings,47265
Jennings,47270
Jennings,47273
Jennings,47274
Jennings,47282
Jennings,47283
Johnson,46106
Johnson,46124
Johnson,46131
Johnson,46142
Johnson,46143
Johnson,46151
Johnson,46160
Johnson,46162
Johnson,46164
Johnson,46181
Johnson,46184
Johnson,46259
Knox,47512
Knox,47516
Knox,47524
Knox,47528
Knox,47557
Knox,47561
Knox,47578
Knox,47591
Knox,47597
Kosciusko,46504
Kosciusko,46506
Kosciusko,46508
Kosciusko,46510
Kosciusko,46524
Kosciusko,46538
Kosciusko,46539
Kosciusko,46542
Kosciusko,46550
Kosciusko,46555
Kosciusko,46562
Kosciusko,46567
Kosciusko,46580
Kosciusko,46582
Kosciusko,46590
Kosciusko,46732
Kosciusko,46787
Kosciusko,46910
Kosciusko,46962
Kosciusko,46982
LaGrange,46540
LaGrange,46543
LaGrange,46565
LaGrange,46571
LaGrange,46746
LaGrange,46747
LaGrange,46761
LaGrange,46767
LaGrange,46776
LaGrange,46795
Lake,46303
Lake,46307
Lake,46311
Lake,46312
Lake,46319
Lake,46320
Lake,46321
Lake,46322
Lake,46323
Lake,46324
Lake,46327
Lake,46341
Lake,46342
Lake,46356
Lake,46373
Lake,46375
Lake,46394
Lake,46402
Lake,46403
Lake,46404
Lake,46405
Lake,46406
Lake,46407
Lake,46408
Lake,46409
Lake,46410
LaPorte,46340
LaPorte,46348
LaPorte,46350
LaPorte,46360
LaPorte,46365
LaPorte,46371
LaPorte,46382
LaPorte,46390
LaPorte,46391
LaPorte,46532
LaPorte,46534
LaPorte,46552
LaPorte,46554
LaPorte,46574
Lawrence,47264
Lawrence,47421
Lawrence,47436
Lawrence,47446
Lawrence,47451
Lawrence,47462
Lawrence,47470
Madison,46001
Madison,46011
Madison,46012
Madison,46013
Madison,46016
Madison,46017
Madison,46036
Madison,46040
Madison,46044
Madison,46048
Madison,46051
Madison,46056
Madison,46064
Madison,46070
Madison,47356
Marion,46077
Marion,46107
Marion,46113
Marion,46201
Marion,46202
Marion,46203
Marion,46204
Marion,46205
Marion,46208
Marion,46214
Marion,46216
Marion,46217
Marion,46218
Marion,46219
Marion,46220
Marion,46221
Marion,46222
Marion,46224
Marion,46225
Marion,46226
Marion,46227
Marion,46228
Marion,46229
Marion,46231
Marion,46234
Marion,46235
Marion,46236
Marion,46237
Marion,46239
Marion,46240
Marion,46241
Marion,46250
Marion,46254
Marion,46256
Marion,46259
Marion,46260
Marion,46268
Marion,46278
Marshall,46501
Marshall,46504
Marshall,46506
Marshall,46511
Marshall,46524
Marshall,46536
Marshall,46550
Marshall,46563
Marshall,46570
Marshall,46574
Martin,47470
Martin,47522
Martin,47553
Martin,47581
Miami,46901
Miami,46910
Miami,46911
Miami,46914
Miami,46919
Miami,46926
Miami,46932
Miami,46951
Miami,46970
Miami,46974
Monroe,46151
Monroe,47264
Monroe,47401
Monroe,47403
Monroe,47404
Monroe,47405
Monroe,47406
Monroe,47408
Monroe,47421
Monroe,47429
Monroe,47433
Monroe,47436
Monroe,47448
Monroe,47460
Monroe,47462
Monroe,47468
Montgomery,46035
Montgomery,47933
Montgomery,47940
Montgomery,47954
Montgomery,47955
Montgomery,47967
Montgomery,47968
Montgomery,47981
Montgomery,47989
Montgomery,47990
Montgomery,47994
Morgan,46113
Morgan,46118
Morgan,46120
Morgan,46151
Morgan,46157
Morgan,46158
Morgan,46160
Morgan,46166
Morgan,46180
Morgan,47433
Morgan,47456
Newton,46310
Newton,46349
Newton,47922
Newton,47942
Newton,47943
Newton,47948
Newton,47951
Newton,47963
Newton,47978
Noble,46562
Noble,46571
Noble,46701
Noble,46710
Noble,46723
Noble,46725
Noble,46732
Noble,46748
Noble,46755
Noble,46760
Noble,46763
Noble,46764
Noble,46767
Noble,46784
Noble,46794
Noble,46795
Ohio,47001
Ohio,47011
Ohio,47017
Ohio,47018
Ohio,47040
Orange,47108
Orange,47118
Orange,47125
Orange,47140
Orange,47432
Orange,47452
Orange,47454
Orange,47469
Owen,46120
Owen,47404
Owen,47427
Owen,47431
Owen,47433
Owen,47456
Owen,47460
Owen,47833
Owen,47868
Parke,47832
Parke,47834
Parke,47836
Parke,47837
Parke,47859
Parke,47862
Parke,47872
Parke,47874
Parke,47952
Perry,47118
Perry,47137
Perry,47513
Perry,47514
Perry,47515
Perry,47520
Perry,47525
Perry,47532
Perry,47551
Perry,47574
Perry,47576
Perry,47577
Perry,47586
Perry,47588
Perry,47611
Pike,47541
Pike,47546
Pike,47564
Pike,47567
Pike,47585
Pike,47590
Pike,47598
Pike,47619
Pike,47640
Pike,47660
Porter,46304
Porter,46307
Porter,46341
Porter,46342
Porter,46347
Porter,46348
Porter,46360
Porter,46368
Porter,46383
Porter,46385
Porter,46391
Porter,46403
Porter,46405
Posey,47612
Posey,47616
Posey,47620
Posey,47631
Posey,47633
Posey,47638
Posey,47712
Pulaski,46366
Pulaski,46374
Pulaski,46511
Pulaski,46939
Pulaski,46960
Pulaski,46978
Pulaski,46985
Pulaski,46996
Pulaski,47946
Pulaski,47957
Pulaski,47959
Pulaski,47960
Putnam,46105
Putnam,46120
Putnam,46121
Putnam,46128
Putnam,46135
Putnam,46171
Putnam,46172
Putnam,46175
Putnam,46180
Putnam,47456
Putnam,47868
Putnam,47989
Randolph,47320
Randolph,47340
Randolph,47354
Randolph,47355
Randolph,47358
Randolph,47368
Randolph,47373
Randolph,47380
Randolph,47382
Randolph,47390
Randolph,47393
Randolph,47394
Ripley,47006
Ripley,47017
Ripley,47018
Ripley,47023
Ripley,47031
Ripley,47032
Ripley,47037
Ripley,47041
Ripley,47042
Ripley,47224
Ripley,47240
Ripley,47250
Rush,46104
Rush,46115
Rush,46127
Rush,46133
Rush,46140
Rush,46148
Rush,46150
Rush,46155
Rush,46156
Rush,46161
Rush,46173
Rush,46182
Rush,47352
St. Joseph,46506
St. Joseph,46530
St. Joseph,46536
St. Joseph,46544
St. Joseph,46545
St. Joseph,46550
St. Joseph,46552
St. Joseph,46554
St. Joseph,46556
St. Joseph,46561
St. Joseph,46563
St. Joseph,46573
St. Joseph,46574
St. Joseph,46601
St. Joseph,46613
St. Joseph,46614
St. Joseph,46615
St. Joseph,46616
St. Joseph,46617
St. Joseph,46619
St. Joseph,46628
St. Joseph,46635
St. Joseph,46637
Scott,47102
Scott,47126
Scott,47138
Scott,47147
Scott,47170
Scott,47177
Scott,47230
Shelby,46110
Shelby,46124
Shelby,46126
Shelby,46130
Shelby,46131
Shelby,46150
Shelby,46161
Shelby,46162
Shelby,46163
Shelby,46176
Shelby,46182
Shelby,46259
Shelby,47234
Shelby,47272
Spencer,47523
Spencer,47531
Spencer,47532
Spencer,47537
Spencer,47550
Spencer,47552
Spencer,47556
Spencer,47577
Spencer,47579
Spencer,47601
Spencer,47611
Spencer,47615
Spencer,47634
Spencer,47635
Spencer,47637
Starke,46348
Starke,46366
Starke,46374
Starke,46511
Starke,46531
Starke,46532
Starke,46534
Starke,46574
Starke,46960
Steuben,46703
Steuben,46705
Steuben,46737
Steuben,46742
Steuben,46747
Steuben,46761
Steuben,46776
Steuben,46779
Sullivan,47438
Sullivan,47838
Sullivan,47848
Sullivan,47849
Sullivan,47850
Sullivan,47858
Sullivan,47861
Sullivan,47879
Sullivan,47882
Switzerland,47011
Switzerland,47017
Switzerland,47020
Switzerland,47038
Switzerland,47040
Switzerland,47043
Switzerland,47224
Switzerland,47250
Tippecanoe,46058
Tippecanoe,46923
Tippecanoe,47901
Tippecanoe,47904
Tippecanoe,47905
Tippecanoe,47906
Tippecanoe,47907
Tippecanoe,47909
Tippecanoe,47918
Tippecanoe,47920
Tippecanoe,47930
Tippecanoe,47955
Tippecanoe,47967
Tippecanoe,47970
Tippecanoe,47981
Tippecanoe,47992
Tipton,46031
Tipton,46036
Tipton,46049
Tipton,46050
Tipton,46068
Tipton,46072
Tipton,46076
Tipton,46902
Tipton,46979
Union,47003
Union,47325
Union,47331
Union,47353
Vanderburgh,47613
Vanderburgh,47638
Vanderburgh,47639
Vanderburgh,47708
Vanderburgh,47710
Vanderburgh,47711
Vanderburgh,47712
Vanderburgh,47713
Vanderburgh,47714
Vanderburgh,47715
Vanderburgh,47720
Vanderburgh,47722
Vanderburgh,47725
Vermillion,47842
Vermillion,47847
Vermillion,47854
Vermillion,47928
Vermillion,47932
Vermillion,47974
Vigo,47802
Vigo,47803
Vigo,47804
Vigo,47805
Vigo,47807
Vigo,47809
Vigo,47834
Vigo,47842
Vigo,47850
Vigo,47858
Vigo,47866
Vigo,47874
Vigo,47885
Wabash,46702
Wabash,46911
Wabash,46919
Wabash,46926
Wabash,46940
Wabash,46941
Wabash,46962
Wabash,46970
Wabash,46974
Wabash,46982
Wabash,46990
Wabash,46992
Warren,47906
Warren,47917
Warren,47918
Warren,47921
Warren,47932
Warren,47944
Warren,47970
Warren,47975
Warren,47991
Warren,47993
Warrick,47523
Warrick,47537
Warrick,47541
Warrick,47601
Warrick,47610
Warrick,47613
Warrick,47619
Warrick,47630
Warrick,47637
Washington,47106
Washington,47108
Washington,47115
Washington,47120
Washington,47125
Washington,47126
Washington,47145
Washington,47164
Washington,47165
Washington,47167
Washington,47170
Washington,47260
Washington,47281
Wayne,47327
Wayne,47330
Wayne,47339
Wayne,47341
Wayne,47345
Wayne,47346
Wayne,47354
Wayne,47357
Wayne,47358
Wayne,47360
Wayne,47374
Wayne,47392
Wayne,47393
Wells,46714
Wells,46731
Wells,46740
Wells,46750
Wells,46759
Wells,46766
Wells,46770
Wells,46777
Wells,46781
Wells,46783
Wells,46791
Wells,46792
Wells,46798
Wells,46952
Wells,46991
Wells,47359
White,46978
White,46985
White,46996
White,47906
White,47920
White,47923
White,47926
White,47929
White,47950
White,47959
White,47960
White,47970
White,47978
White,47980
White,47995
Whitley,46562
Whitley,46723
Whitley,46725
Whitley,46764
Whitley,46783
Whitley,46787
Whitley,46818
Whitley,46962
