"from","to"
"NA_414474044","YES"
"NA_140854829","YES"
"865724_140935941","YES"
"862728_415253927","YES"
"864816_937488955","YES"
"886586_824323422","YES"
"864559_140941956","YES"
"NA_713312225","YES"
"865430_208273599","YES"
"868606_NA","YES"
"NA_713273598","Adult.Education"
"NA_724702898","Adult.Education"
"NA_968137158","Adult.Education"
"867375_902104124","Adult.Education"
"864814_402315444","Adult.Education"
"NA_430580674","Adult.Education"
"NA_233276351","Work.Readiness.Grant"
"864949_950110593","Work.Readiness.Grant"
"NA_140854829","LEAP"
"867124_NA","LEAP"
"864837_418626345","LEAP"
"NA_974658783","YBI"
"867375_902104124","YBI"
"NA_719592152","Project.Indy"
"865825_521295550","Project.Indy"
"NA_711865770","Project.Indy"
"864038_824008403","CWF"
"NA_140854829","CWF"
"865724_140935941","CWF"
"862728_415253927","CWF"
"886586_824323422","CWF"
"864949_950110593","CWF"
"864559_140941956","CWF"
"865002_713275753","CWF"
"865430_208273599","CWF"
"NA_233266014","CWF"
"868599_440147171","workoneindy"
"NA_824466007","workoneindy"
"864038_824008403","workoneindy"
"NA_140927872","workoneindy"
"NA_258068634","workoneindy"
"NA_140854829","workoneindy"
"NA_415566118","workoneindy"
"NA_713273598","workoneindy"
"NA_724702898","workoneindy"
"NA_968137158","workoneindy"
"865724_140935941","workoneindy"
"867375_902104124","workoneindy"
"NA_433403438","workoneindy"
"867974_684339708","workoneindy"
"886586_824323422","workoneindy"
"864949_950110593","workoneindy"
"867589_721626948","workoneindy"
"864814_402315444","workoneindy"
"867124_NA","workoneindy"
"NA_705625062","workoneindy"
"864559_140941956","workoneindy"
"864837_418626345","workoneindy"
"865002_713275753","workoneindy"
"NA_713312225","workoneindy"
"865430_208273599","workoneindy"
"NA_458619533","workoneindy"
"NA_406120768","workoneindy"
"878818_140959107","workoneindy"
"863113_582358883","workoneindy"
"888015_140939570","workoneindy"
"NA_233266014","workoneindy"
"NA_430580674","workoneindy"
"865861_NA","workoneindy"
"889161_NA","workoneindy"
"867548_NA","workoneindy"
"864683_NA","workoneindy"
"NA_406120768","Employ.Up"
"860106_499077303","JAG"
"884566_450149273","JAG"
"860123_258080142","JAG"
"860258_552827313","JAG"
"860089_141011452","JAG"
"884933_140949181","JAG"
"864977_423004479","JAG"
"NA_684400252","JAG"
"860110_140965450","JAG"
"860088_NA","JAG"
"867972_981463433","CDBG"
"860080_141006239","CDBG"
"865724_140935941","CDBG"
"867589_721626948","CDBG"
"NA_713312225","CDBG"
"864038_824008403","WorkINdiana"
"NA_713273598","WorkINdiana"
"NA_724702898","WorkINdiana"
"NA_968137158","WorkINdiana"
"865724_140935941","WorkINdiana"
"867375_902104124","WorkINdiana"
"886586_824323422","WorkINdiana"
"865430_208273599","WorkINdiana"
"NA_430580674","WorkINdiana"
"864038_824008403","Opportunity.Youth.Pilot"
"864816_937488955","Opportunity.Youth.Pilot"
"864837_418626345","Opportunity.Youth.Pilot"
"865002_713275753","Opportunity.Youth.Pilot"
"NA_713312225","Opportunity.Youth.Pilot"
